epoch,step,test_acc,test_loss
0,0,0.10140000283718109,2.30273175239563
