epoch,step,train_loss,val_acc,val_loss
0,164,,0.08517887443304062,13.269478797912598
0,164,0.3419145941734314,,
