epoch,step,train_loss,val_acc,val_loss
0,861,,0.4853842556476593,5.922084808349609
0,861,0.479530394077301,,
