epoch,step,train_loss,val_acc,val_loss
0,186,,0.11224489659070969,5.642150402069092
0,186,0.6556775569915771,,
