epoch,step,train_loss,val_acc,val_loss
0,163,,0.10856269299983978,9.619206428527832
0,163,0.40644675493240356,,
