epoch,step,test_acc,test_loss
0,0,0.09740000218153,12.805496215820312
