epoch,step,test_acc,test_loss
0,0,0.4880000054836273,6.248234272003174
