epoch,step,test_acc,test_loss
0,0,0.09679999947547913,2.3024325370788574
