epoch,step,test_acc,test_loss
0,0,0.0917000025510788,2.305511474609375
