epoch,step,test_acc,test_loss
0,0,0.10279999673366547,3.292431354522705
