epoch,step,train_loss,val_acc,val_loss
0,847,,0.4812009036540985,7.686774253845215
0,847,0.4846440553665161,,
1,1695,,0.4938271641731262,5.9709672927856445
1,1695,0.11898209154605865,,
