epoch,step,test_acc,test_loss
0,0,0.05480000004172325,2.3057045936584473
