epoch,step,test_acc,test_loss
0,0,0.19329999387264252,13.744118690490723
