epoch,step,train_loss,val_acc,val_loss
0,656,,0.3834688365459442,5.274373531341553
0,656,0.15502573549747467,,
