epoch,step,train_loss,val_acc,val_loss
0,1,,0.08362989127635956,2.3031702041625977
0,1,2.2318170070648193,,
