epoch,step,train_loss,val_acc,val_loss
0,1,,0.09485530853271484,3.2697436809539795
0,1,3.2218422889709473,,
