epoch,step,test_acc,test_loss
0,0,0.10220000147819519,2.3019919395446777
