epoch,step,train_loss,val_acc,val_loss
0,164,,0.11195158958435059,12.388994216918945
0,164,0.2832369804382324,,
