epoch,step,train_loss,val_acc,val_loss
0,331,,0.17124736309051514,20.758880615234375
0,331,0.316608726978302,,
