epoch,step,train_loss,val_acc,val_loss
0,166,,0.09634551405906677,13.354568481445312
0,166,0.2506440281867981,,
