epoch,step,test_acc,test_loss
0,0,0.0908999964594841,2.3036985397338867
