epoch,step,train_loss,val_acc,val_loss
0,333,,0.18412162363529205,13.675956726074219
0,333,0.5969278216362,,
