epoch,step,test_acc,test_loss
0,0,0.960578203201294,0.10327131301164627
