epoch,step,train_loss,val_acc,val_loss
0,510,,0.28784120082855225,16.082448959350586
0,510,0.3736928701400757,,
1,1021,,0.28866833448410034,14.421882629394531
1,1021,0.06430689245462418,,
